2025-07-05 23:27:03.666779,Software Engineer,Easy Apply,APPLIED
2025-07-06 11:11:22.177335,Software Engineer,Easy Apply,APPLICATION_FAILED
2025-07-06 11:20:06.494867,Software Engineer,Easy Apply,APPLICATION_FAILED
2025-07-09 09:23:35.082680,Agile Software Developer - 6 months FTC,Contic,APPLICATION_FAILED
2025-07-09 09:31:39.021929,Agile Software Developer - 6 months FTC,Contic,APPLICATION_FAILED
2025-07-09 09:41:31.345517,Agile Software Developer - 6 months FTC,Contic,APPLICATION_FAILED
2025-07-09 09:43:09.868601,Agile Software Developer - 6 months FTC,Contic,APPLICATION_FAILED
2025-07-09 09:48:59.839771,Agile Software Developer - 6 months FTC,Contic,APPLICATION_FAILED
2025-07-09 10:03:14.212625,Agile Software Developer - 6 months FTC,Contic,APPLICATION_FAILED
2025-07-09 10:26:39.425140,Agile Software Developer - 6 months FTC,Contic,APPLICATION_FAILED
2025-07-09 10:32:49.224732,Agile Software Developer - 6 months FTC,Contic,APPLICATION_FAILED
2025-07-10 05:40:07.642022,Agile Software Developer - 6 months FTC,Contic,APPLICATION_FAILED
2025-08-09 13:36:44.119443,Agile Software Developer - 6 months FTC,Contic,APPLICATION_FAILED
2025-08-10 19:24:19.701687,Back End Developer,Corecom Consulting,APPLICATION_FAILED
2025-08-10 21:16:11.182797,Python Developer - ¬£90k - üõç Sort out global retail! üõç - Remote in UK,Easy Apply,APPLICATION_FAILED
2025-08-10 21:16:53.539472,Python/Django Developer,Head Resourcing,APPLICATION_FAILED
2025-08-10 21:22:20.645495,Back End Developer,Corecom Consulting,APPLICATION_FAILED
2025-08-10 21:28:53.700665,Python Developer - ¬£90k - üõç Sort out global retail! üõç - Remote in UK,Easy Apply,APPLICATION_FAILED
2025-08-10 21:39:10.794325,Back End Developer,Corecom Consulting,APPLICATION_FAILED
2025-10-27 20:00:31.707433,Back End Developer,Corecom Consulting,APPLICATION_FAILED
